{
    "site_name":"HKUST",
    "floors":[
    	"CYT7",
    	"CYT6",
    	"CYT5",
    	"CYT4",
        "CYT3",
        "CYT2",
	"CYT1",
        "CYTUG",
        "CYTG",
	"7F",
	"6F",
        "5F",
        "4F",
	"3F",
        "2F",
        "1F",
        "GF",
        "LG1",
        "LG3",
        "LG4",
        "LG5",
        "LG7",
        "LSK7",
        "LSK6",
        "LSK5",
        "LSK4",
        "LSK3",
        "LSK2",
        "LSK1",
        "LSKG"
    ],
    "settings":{
        "1F":{
            "scale":13.913
        },
        "2F":{
        	"scale":13.913
        },
        "3F":{
        	"scale":13.913
        },
        "4F":{
        	"scale":13.913
        },
        "5F":{
        	"scale":13.913
        },
        "6F":{
        	"scale":13.913
        },
        "7F":{
        	"scale":13.913
        },
        "GF":{
        	"scale":13.913
        },
        "LG1":{
        	"scale":13.333
        },
        "LG3":{
        	"scale":13.333
        },
        "LG4":{
        	"scale":13.333
        },
        "LG5":{
        	"scale":13.333
        },
        "LG7":{
        	"scale":13.333
        },
        "CYTUG":{
            "scale":13.9130
        },
        "CYTG":{
            "scale":13.9130
        },
        "CYT1":{
            "scale":13.913
        },
        "CYT2":{
            "scale":13.913
        },
        "CYT3":{
            "scale":13.913
        },
        "CYT4":{
            "scale":13.913
        },
        "CYT5":{
            "scale":13.913
        },
        "CYT6":{
            "scale":13.913
        },
        "CYT7":{
            "scale":13.913
        },
        "LSK1":{
            "scale":13.9130
        },
        "LSK2":{
            "scale":13.9130
        },
        "LSK3":{
            "scale":13.913
        },
        "LSK4":{
            "scale":13.913
        },
        "LSK5":{
            "scale":13.913
        },
        "LSK6":{
            "scale":13.913
        },
        "LSK7":{
            "scale":13.913
        },
        "LSKG":{
            "scale":13.913
        }
    },
    "magnetic":{
        "number_of_selected_position_with_top_potential":100,
        "meter_distance_between_Magnetic_reference_points":0.3
    },
    "WiFi":{
        "number_of_selected_position_with_top_potential":9,
        "meter_distance_between_WiFi_reference_points":1.0,
        "percentage_to_define_a_big_enough_cluster":0.6
    },
    "fusion":{
        "percentage_to_define_a_big_enough_cluster":0.3
    },
    "floor_switch_check":[
    ],
    "shops":[
    ],
    "path_finding":{
        "connection_points":{
            "floor_switch_points":[]
        }
    }
}
